{
  "generated_at": "2026-01-10T12:05:59.410409Z",
  "observer": {
    "latitude": 62.2426,
    "longitude": 25.7473,
    "location_name": "Jyväskylä, Finland"
  },
  "parameters": {
    "max_distance_km": 500,
    "hours_ahead": 12.0,
    "timezone_offset": 2
  },
  "total_passes": 117,
  "passes": [
    {
      "satellite": "STARLINK-4361",
      "start_time_utc": "2026-01-10T13:19:08.993290Z",
      "start_time_local": "2026-01-10T15:19:08.993290",
      "max_elevation_time_local": "2026-01-10T15:19:38.993290",
      "end_time_local": "2026-01-10T15:20:08.993290",
      "max_elevation": 52.7,
      "min_distance_km": 428.0,
      "duration_seconds": 60.0,
      "duration_minutes": 1.0
    },
    {
      "satellite": "STARLINK-4461",
      "start_time_utc": "2026-01-10T13:34:08.993290Z",
      "start_time_local": "2026-01-10T15:34:08.993290",
      "max_elevation_time_local": "2026-01-10T15:34:08.993290",
      "end_time_local": "2026-01-10T15:34:38.993290",
      "max_elevation": 43.4,
      "min_distance_km": 495.0,
      "duration_seconds": 30.0,
      "duration_minutes": 0.5
    },
    {
      "satellite": "STARLINK-4465",
      "start_time_utc": "2026-01-10T13:49:38.993290Z",
      "start_time_local": "2026-01-10T15:49:38.993290",
      "max_elevation_time_local": "2026-01-10T15:49:38.993290",
      "end_time_local": "2026-01-10T15:50:38.993290",
      "max_elevation": 58.2,
      "min_distance_km": 400.0,
      "duration_seconds": 60.0,
      "duration_minutes": 1.0
    },
    {
      "satellite": "STARLINK-4461",
      "start_time_utc": "2026-01-10T14:19:38.993290Z",
      "start_time_local": "2026-01-10T16:19:38.993290",
      "max_elevation_time_local": "2026-01-10T16:19:38.993290",
      "end_time_local": "2026-01-10T16:20:08.993290",
      "max_elevation": 58.1,
      "min_distance_km": 401.0,
      "duration_seconds": 30.0,
      "duration_minutes": 0.5
    },
    {
      "satellite": "STARLINK-5073",
      "start_time_utc": "2026-01-10T14:31:08.993290Z",
      "start_time_local": "2026-01-10T16:31:08.993290",
      "max_elevation_time_local": "2026-01-10T16:31:08.993290",
      "end_time_local": "2026-01-10T16:31:38.993290",
      "max_elevation": 55.1,
      "min_distance_km": 419.0,
      "duration_seconds": 30.0,
      "duration_minutes": 0.5
    },
    {
      "satellite": "STARLINK-36211",
      "start_time_utc": "2026-01-10T15:11:38.993290Z",
      "start_time_local": "2026-01-10T17:11:38.993290",
      "max_elevation_time_local": "2026-01-10T17:11:38.993290",
      "end_time_local": "2026-01-10T17:12:08.993290",
      "max_elevation": 57.3,
      "min_distance_km": 495.0,
      "duration_seconds": 30.0,
      "duration_minutes": 0.5
    },
    {
      "satellite": "STARLINK-36221",
      "start_time_utc": "2026-01-10T15:13:38.993290Z",
      "start_time_local": "2026-01-10T17:13:38.993290",
      "max_elevation_time_local": "2026-01-10T17:13:38.993290",
      "end_time_local": "2026-01-10T17:14:08.993290",
      "max_elevation": 59.6,
      "min_distance_km": 483.0,
      "duration_seconds": 30.0,
      "duration_minutes": 0.5
    },
    {
      "satellite": "STARLINK-36212",
      "start_time_utc": "2026-01-10T15:13:38.993290Z",
      "start_time_local": "2026-01-10T17:13:38.993290",
      "max_elevation_time_local": "2026-01-10T17:13:38.993290",
      "end_time_local": "2026-01-10T17:14:08.993290",
      "max_elevation": 60.0,
      "min_distance_km": 481.0,
      "duration_seconds": 30.0,
      "duration_minutes": 0.5
    },
    {
      "satellite": "STARLINK-36203",
      "start_time_utc": "2026-01-10T15:14:08.993290Z",
      "start_time_local": "2026-01-10T17:14:08.993290",
      "max_elevation_time_local": "2026-01-10T17:14:08.993290",
      "end_time_local": "2026-01-10T17:14:38.993290",
      "max_elevation": 61.9,
      "min_distance_km": 472.0,
      "duration_seconds": 30.0,
      "duration_minutes": 0.5
    },
    {
      "satellite": "STARLINK-36199",
      "start_time_utc": "2026-01-10T15:14:38.993290Z",
      "start_time_local": "2026-01-10T17:14:38.993290",
      "max_elevation_time_local": "2026-01-10T17:14:38.993290",
      "end_time_local": "2026-01-10T17:15:08.993290",
      "max_elevation": 63.0,
      "min_distance_km": 467.0,
      "duration_seconds": 30.0,
      "duration_minutes": 0.5
    },
    {
      "satellite": "STARLINK-36213",
      "start_time_utc": "2026-01-10T15:15:08.993290Z",
      "start_time_local": "2026-01-10T17:15:08.993290",
      "max_elevation_time_local": "2026-01-10T17:15:08.993290",
      "end_time_local": "2026-01-10T17:15:38.993290",
      "max_elevation": 64.0,
      "min_distance_km": 463.0,
      "duration_seconds": 30.0,
      "duration_minutes": 0.5
    },
    {
      "satellite": "STARLINK-36280",
      "start_time_utc": "2026-01-10T15:15:38.993290Z",
      "start_time_local": "2026-01-10T17:15:38.993290",
      "max_elevation_time_local": "2026-01-10T17:15:38.993290",
      "end_time_local": "2026-01-10T17:16:08.993290",
      "max_elevation": 60.8,
      "min_distance_km": 477.0,
      "duration_seconds": 30.0,
      "duration_minutes": 0.5
    },
    {
      "satellite": "STARLINK-5073",
      "start_time_utc": "2026-01-10T15:17:08.993290Z",
      "start_time_local": "2026-01-10T17:17:08.993290",
      "max_elevation_time_local": "2026-01-10T17:17:08.993290",
      "end_time_local": "2026-01-10T17:18:08.993290",
      "max_elevation": 51.6,
      "min_distance_km": 439.0,
      "duration_seconds": 60.0,
      "duration_minutes": 1.0
    },
    {
      "satellite": "STARLINK-36182",
      "start_time_utc": "2026-01-10T15:17:38.993290Z",
      "start_time_local": "2026-01-10T17:17:38.993290",
      "max_elevation_time_local": "2026-01-10T17:17:38.993290",
      "end_time_local": "2026-01-10T17:18:08.993290",
      "max_elevation": 67.1,
      "min_distance_km": 483.0,
      "duration_seconds": 30.0,
      "duration_minutes": 0.5
    },
    {
      "satellite": "STARLINK-36056",
      "start_time_utc": "2026-01-10T15:18:08.993290Z",
      "start_time_local": "2026-01-10T17:18:08.993290",
      "max_elevation_time_local": "2026-01-10T17:18:08.993290",
      "end_time_local": "2026-01-10T17:18:38.993290",
      "max_elevation": 59.1,
      "min_distance_km": 485.0,
      "duration_seconds": 30.0,
      "duration_minutes": 0.5
    },
    {
      "satellite": "STARLINK-36225",
      "start_time_utc": "2026-01-10T15:18:08.993290Z",
      "start_time_local": "2026-01-10T17:18:08.993290",
      "max_elevation_time_local": "2026-01-10T17:18:08.993290",
      "end_time_local": "2026-01-10T17:18:38.993290",
      "max_elevation": 64.1,
      "min_distance_km": 463.0,
      "duration_seconds": 30.0,
      "duration_minutes": 0.5
    },
    {
      "satellite": "STARLINK-36197",
      "start_time_utc": "2026-01-10T15:18:38.993290Z",
      "start_time_local": "2026-01-10T17:18:38.993290",
      "max_elevation_time_local": "2026-01-10T17:18:38.993290",
      "end_time_local": "2026-01-10T17:19:08.993290",
      "max_elevation": 59.4,
      "min_distance_km": 483.0,
      "duration_seconds": 30.0,
      "duration_minutes": 0.5
    },
    {
      "satellite": "STARLINK-36185",
      "start_time_utc": "2026-01-10T15:19:38.993290Z",
      "start_time_local": "2026-01-10T17:19:38.993290",
      "max_elevation_time_local": "2026-01-10T17:19:38.993290",
      "end_time_local": "2026-01-10T17:20:08.993290",
      "max_elevation": 63.0,
      "min_distance_km": 468.0,
      "duration_seconds": 30.0,
      "duration_minutes": 0.5
    },
    {
      "satellite": "STARLINK-36224",
      "start_time_utc": "2026-01-10T15:21:38.993290Z",
      "start_time_local": "2026-01-10T17:21:38.993290",
      "max_elevation_time_local": "2026-01-10T17:21:38.993290",
      "end_time_local": "2026-01-10T17:22:08.993290",
      "max_elevation": 68.5,
      "min_distance_km": 449.0,
      "duration_seconds": 30.0,
      "duration_minutes": 0.5
    },
    {
      "satellite": "STARLINK-36283",
      "start_time_utc": "2026-01-10T15:22:08.993290Z",
      "start_time_local": "2026-01-10T17:22:08.993290",
      "max_elevation_time_local": "2026-01-10T17:22:08.993290",
      "end_time_local": "2026-01-10T17:22:38.993290",
      "max_elevation": 64.8,
      "min_distance_km": 460.0,
      "duration_seconds": 30.0,
      "duration_minutes": 0.5
    },
    {
      "satellite": "STARLINK-36267",
      "start_time_utc": "2026-01-10T15:22:08.993290Z",
      "start_time_local": "2026-01-10T17:22:08.993290",
      "max_elevation_time_local": "2026-01-10T17:22:08.993290",
      "end_time_local": "2026-01-10T17:22:38.993290",
      "max_elevation": 67.2,
      "min_distance_km": 453.0,
      "duration_seconds": 30.0,
      "duration_minutes": 0.5
    },
    {
      "satellite": "STARLINK-36268",
      "start_time_utc": "2026-01-10T15:22:08.993290Z",
      "start_time_local": "2026-01-10T17:22:08.993290",
      "max_elevation_time_local": "2026-01-10T17:22:08.993290",
      "end_time_local": "2026-01-10T17:22:38.993290",
      "max_elevation": 68.5,
      "min_distance_km": 448.0,
      "duration_seconds": 30.0,
      "duration_minutes": 0.5
    },
    {
      "satellite": "STARLINK-36173",
      "start_time_utc": "2026-01-10T15:23:08.993290Z",
      "start_time_local": "2026-01-10T17:23:08.993290",
      "max_elevation_time_local": "2026-01-10T17:23:08.993290",
      "end_time_local": "2026-01-10T17:23:38.993290",
      "max_elevation": 61.9,
      "min_distance_km": 479.0,
      "duration_seconds": 30.0,
      "duration_minutes": 0.5
    },
    {
      "satellite": "STARLINK-36291",
      "start_time_utc": "2026-01-10T15:23:38.993290Z",
      "start_time_local": "2026-01-10T17:23:38.993290",
      "max_elevation_time_local": "2026-01-10T17:24:08.993290",
      "end_time_local": "2026-01-10T17:24:38.993290",
      "max_elevation": 60.6,
      "min_distance_km": 478.0,
      "duration_seconds": 60.0,
      "duration_minutes": 1.0
    },
    {
      "satellite": "STARLINK-36279",
      "start_time_utc": "2026-01-10T15:24:08.993290Z",
      "start_time_local": "2026-01-10T17:24:08.993290",
      "max_elevation_time_local": "2026-01-10T17:24:08.993290",
      "end_time_local": "2026-01-10T17:25:08.993290",
      "max_elevation": 62.9,
      "min_distance_km": 468.0,
      "duration_seconds": 60.0,
      "duration_minutes": 1.0
    },
    {
      "satellite": "STARLINK-34379",
      "start_time_utc": "2026-01-10T15:28:38.993290Z",
      "start_time_local": "2026-01-10T17:28:38.993290",
      "max_elevation_time_local": "2026-01-10T17:28:38.993290",
      "end_time_local": "2026-01-10T17:29:08.993290",
      "max_elevation": 66.5,
      "min_distance_km": 486.0,
      "duration_seconds": 30.0,
      "duration_minutes": 0.5
    },
    {
      "satellite": "STARLINK-36226",
      "start_time_utc": "2026-01-10T15:29:38.993290Z",
      "start_time_local": "2026-01-10T17:29:38.993290",
      "max_elevation_time_local": "2026-01-10T17:29:38.993290",
      "end_time_local": "2026-01-10T17:30:08.993290",
      "max_elevation": 69.7,
      "min_distance_km": 473.0,
      "duration_seconds": 30.0,
      "duration_minutes": 0.5
    },
    {
      "satellite": "STARLINK-36263",
      "start_time_utc": "2026-01-10T15:32:38.993290Z",
      "start_time_local": "2026-01-10T17:32:38.993290",
      "max_elevation_time_local": "2026-01-10T17:32:38.993290",
      "end_time_local": "2026-01-10T17:33:08.993290",
      "max_elevation": 84.5,
      "min_distance_km": 444.0,
      "duration_seconds": 30.0,
      "duration_minutes": 0.5
    },
    {
      "satellite": "STARLINK-36284",
      "start_time_utc": "2026-01-10T15:39:38.993290Z",
      "start_time_local": "2026-01-10T17:39:38.993290",
      "max_elevation_time_local": "2026-01-10T17:39:38.993290",
      "end_time_local": "2026-01-10T17:40:08.993290",
      "max_elevation": 78.1,
      "min_distance_km": 455.0,
      "duration_seconds": 30.0,
      "duration_minutes": 0.5
    },
    {
      "satellite": "STARLINK-36265",
      "start_time_utc": "2026-01-10T15:42:38.993290Z",
      "start_time_local": "2026-01-10T17:42:38.993290",
      "max_elevation_time_local": "2026-01-10T17:42:38.993290",
      "end_time_local": "2026-01-10T17:43:08.993290",
      "max_elevation": 81.8,
      "min_distance_km": 450.0,
      "duration_seconds": 30.0,
      "duration_minutes": 0.5
    },
    {
      "satellite": "STARLINK-36262",
      "start_time_utc": "2026-01-10T15:45:38.993290Z",
      "start_time_local": "2026-01-10T17:45:38.993290",
      "max_elevation_time_local": "2026-01-10T17:45:38.993290",
      "end_time_local": "2026-01-10T17:46:08.993290",
      "max_elevation": 70.8,
      "min_distance_km": 471.0,
      "duration_seconds": 30.0,
      "duration_minutes": 0.5
    },
    {
      "satellite": "STARLINK-36118",
      "start_time_utc": "2026-01-10T15:46:38.993290Z",
      "start_time_local": "2026-01-10T17:46:38.993290",
      "max_elevation_time_local": "2026-01-10T17:46:38.993290",
      "end_time_local": "2026-01-10T17:47:08.993290",
      "max_elevation": 57.7,
      "min_distance_km": 494.0,
      "duration_seconds": 30.0,
      "duration_minutes": 0.5
    },
    {
      "satellite": "STARLINK-36178",
      "start_time_utc": "2026-01-10T15:46:38.993290Z",
      "start_time_local": "2026-01-10T17:46:38.993290",
      "max_elevation_time_local": "2026-01-10T17:46:38.993290",
      "end_time_local": "2026-01-10T17:47:08.993290",
      "max_elevation": 64.1,
      "min_distance_km": 460.0,
      "duration_seconds": 30.0,
      "duration_minutes": 0.5
    },
    {
      "satellite": "STARLINK-36175",
      "start_time_utc": "2026-01-10T15:47:38.993290Z",
      "start_time_local": "2026-01-10T17:47:38.993290",
      "max_elevation_time_local": "2026-01-10T17:47:38.993290",
      "end_time_local": "2026-01-10T17:48:08.993290",
      "max_elevation": 64.1,
      "min_distance_km": 444.0,
      "duration_seconds": 30.0,
      "duration_minutes": 0.5
    },
    {
      "satellite": "STARLINK-36171",
      "start_time_utc": "2026-01-10T15:48:08.993290Z",
      "start_time_local": "2026-01-10T17:48:08.993290",
      "max_elevation_time_local": "2026-01-10T17:48:08.993290",
      "end_time_local": "2026-01-10T17:48:38.993290",
      "max_elevation": 61.0,
      "min_distance_km": 476.0,
      "duration_seconds": 30.0,
      "duration_minutes": 0.5
    },
    {
      "satellite": "STARLINK-36132",
      "start_time_utc": "2026-01-10T15:48:08.993290Z",
      "start_time_local": "2026-01-10T17:48:08.993290",
      "max_elevation_time_local": "2026-01-10T17:48:08.993290",
      "end_time_local": "2026-01-10T17:48:38.993290",
      "max_elevation": 62.3,
      "min_distance_km": 470.0,
      "duration_seconds": 30.0,
      "duration_minutes": 0.5
    },
    {
      "satellite": "STARLINK-36190",
      "start_time_utc": "2026-01-10T15:48:38.993290Z",
      "start_time_local": "2026-01-10T17:48:38.993290",
      "max_elevation_time_local": "2026-01-10T17:48:38.993290",
      "end_time_local": "2026-01-10T17:49:08.993290",
      "max_elevation": 66.5,
      "min_distance_km": 453.0,
      "duration_seconds": 30.0,
      "duration_minutes": 0.5
    },
    {
      "satellite": "STARLINK-36176",
      "start_time_utc": "2026-01-10T15:49:08.993290Z",
      "start_time_local": "2026-01-10T17:49:08.993290",
      "max_elevation_time_local": "2026-01-10T17:49:08.993290",
      "end_time_local": "2026-01-10T17:49:38.993290",
      "max_elevation": 61.5,
      "min_distance_km": 474.0,
      "duration_seconds": 30.0,
      "duration_minutes": 0.5
    },
    {
      "satellite": "STARLINK-36172",
      "start_time_utc": "2026-01-10T15:50:38.993290Z",
      "start_time_local": "2026-01-10T17:50:38.993290",
      "max_elevation_time_local": "2026-01-10T17:50:38.993290",
      "end_time_local": "2026-01-10T17:51:08.993290",
      "max_elevation": 62.1,
      "min_distance_km": 467.0,
      "duration_seconds": 30.0,
      "duration_minutes": 0.5
    },
    {
      "satellite": "STARLINK-36207",
      "start_time_utc": "2026-01-10T15:51:08.993290Z",
      "start_time_local": "2026-01-10T17:51:08.993290",
      "max_elevation_time_local": "2026-01-10T17:51:08.993290",
      "end_time_local": "2026-01-10T17:51:38.993290",
      "max_elevation": 68.5,
      "min_distance_km": 445.0,
      "duration_seconds": 30.0,
      "duration_minutes": 0.5
    },
    {
      "satellite": "STARLINK-36191",
      "start_time_utc": "2026-01-10T15:51:08.993290Z",
      "start_time_local": "2026-01-10T17:51:08.993290",
      "max_elevation_time_local": "2026-01-10T17:51:08.993290",
      "end_time_local": "2026-01-10T17:51:38.993290",
      "max_elevation": 58.5,
      "min_distance_km": 489.0,
      "duration_seconds": 30.0,
      "duration_minutes": 0.5
    },
    {
      "satellite": "STARLINK-36192",
      "start_time_utc": "2026-01-10T15:51:08.993290Z",
      "start_time_local": "2026-01-10T17:51:08.993290",
      "max_elevation_time_local": "2026-01-10T17:51:08.993290",
      "end_time_local": "2026-01-10T17:51:38.993290",
      "max_elevation": 60.8,
      "min_distance_km": 477.0,
      "duration_seconds": 30.0,
      "duration_minutes": 0.5
    },
    {
      "satellite": "STARLINK-36209",
      "start_time_utc": "2026-01-10T15:51:38.993290Z",
      "start_time_local": "2026-01-10T17:51:38.993290",
      "max_elevation_time_local": "2026-01-10T17:52:08.993290",
      "end_time_local": "2026-01-10T17:52:38.993290",
      "max_elevation": 58.6,
      "min_distance_km": 484.0,
      "duration_seconds": 60.0,
      "duration_minutes": 1.0
    },
    {
      "satellite": "STARLINK-36184",
      "start_time_utc": "2026-01-10T15:52:08.993290Z",
      "start_time_local": "2026-01-10T17:52:08.993290",
      "max_elevation_time_local": "2026-01-10T17:52:08.993290",
      "end_time_local": "2026-01-10T17:52:38.993290",
      "max_elevation": 59.7,
      "min_distance_km": 482.0,
      "duration_seconds": 30.0,
      "duration_minutes": 0.5
    },
    {
      "satellite": "STARLINK-36239",
      "start_time_utc": "2026-01-10T15:52:08.993290Z",
      "start_time_local": "2026-01-10T17:52:08.993290",
      "max_elevation_time_local": "2026-01-10T17:52:08.993290",
      "end_time_local": "2026-01-10T17:52:38.993290",
      "max_elevation": 72.9,
      "min_distance_km": 466.0,
      "duration_seconds": 30.0,
      "duration_minutes": 0.5
    },
    {
      "satellite": "STARLINK-35688",
      "start_time_utc": "2026-01-10T15:53:08.993290Z",
      "start_time_local": "2026-01-10T17:53:08.993290",
      "max_elevation_time_local": "2026-01-10T17:53:08.993290",
      "end_time_local": "2026-01-10T17:53:38.993290",
      "max_elevation": 64.5,
      "min_distance_km": 461.0,
      "duration_seconds": 30.0,
      "duration_minutes": 0.5
    },
    {
      "satellite": "STARLINK-36106",
      "start_time_utc": "2026-01-10T15:53:38.993290Z",
      "start_time_local": "2026-01-10T17:53:38.993290",
      "max_elevation_time_local": "2026-01-10T17:53:38.993290",
      "end_time_local": "2026-01-10T17:54:38.993290",
      "max_elevation": 59.6,
      "min_distance_km": 483.0,
      "duration_seconds": 60.0,
      "duration_minutes": 1.0
    },
    {
      "satellite": "STARLINK-35498",
      "start_time_utc": "2026-01-10T15:54:08.993290Z",
      "start_time_local": "2026-01-10T17:54:08.993290",
      "max_elevation_time_local": "2026-01-10T17:54:08.993290",
      "end_time_local": "2026-01-10T17:54:38.993290",
      "max_elevation": 67.0,
      "min_distance_km": 453.0,
      "duration_seconds": 30.0,
      "duration_minutes": 0.5
    },
    {
      "satellite": "STARLINK-36163",
      "start_time_utc": "2026-01-10T15:54:38.993290Z",
      "start_time_local": "2026-01-10T17:54:38.993290",
      "max_elevation_time_local": "2026-01-10T17:54:38.993290",
      "end_time_local": "2026-01-10T17:55:08.993290",
      "max_elevation": 69.9,
      "min_distance_km": 441.0,
      "duration_seconds": 30.0,
      "duration_minutes": 0.5
    },
    {
      "satellite": "STARLINK-36093",
      "start_time_utc": "2026-01-10T15:54:38.993290Z",
      "start_time_local": "2026-01-10T17:54:38.993290",
      "max_elevation_time_local": "2026-01-10T17:54:38.993290",
      "end_time_local": "2026-01-10T17:55:08.993290",
      "max_elevation": 69.0,
      "min_distance_km": 446.0,
      "duration_seconds": 30.0,
      "duration_minutes": 0.5
    },
    {
      "satellite": "STARLINK-36120",
      "start_time_utc": "2026-01-10T15:55:08.993290Z",
      "start_time_local": "2026-01-10T17:55:08.993290",
      "max_elevation_time_local": "2026-01-10T17:55:08.993290",
      "end_time_local": "2026-01-10T17:55:38.993290",
      "max_elevation": 69.2,
      "min_distance_km": 446.0,
      "duration_seconds": 30.0,
      "duration_minutes": 0.5
    },
    {
      "satellite": "STARLINK-35856",
      "start_time_utc": "2026-01-10T15:56:08.993290Z",
      "start_time_local": "2026-01-10T17:56:08.993290",
      "max_elevation_time_local": "2026-01-10T17:56:08.993290",
      "end_time_local": "2026-01-10T17:56:38.993290",
      "max_elevation": 69.0,
      "min_distance_km": 445.0,
      "duration_seconds": 30.0,
      "duration_minutes": 0.5
    },
    {
      "satellite": "STARLINK-36156",
      "start_time_utc": "2026-01-10T15:57:08.993290Z",
      "start_time_local": "2026-01-10T17:57:08.993290",
      "max_elevation_time_local": "2026-01-10T17:57:08.993290",
      "end_time_local": "2026-01-10T17:57:38.993290",
      "max_elevation": 71.1,
      "min_distance_km": 440.0,
      "duration_seconds": 30.0,
      "duration_minutes": 0.5
    },
    {
      "satellite": "STARLINK-36189",
      "start_time_utc": "2026-01-10T15:57:38.993290Z",
      "start_time_local": "2026-01-10T17:57:38.993290",
      "max_elevation_time_local": "2026-01-10T17:57:38.993290",
      "end_time_local": "2026-01-10T17:58:08.993290",
      "max_elevation": 74.1,
      "min_distance_km": 433.0,
      "duration_seconds": 30.0,
      "duration_minutes": 0.5
    },
    {
      "satellite": "STARLINK-36270",
      "start_time_utc": "2026-01-10T15:58:08.993290Z",
      "start_time_local": "2026-01-10T17:58:08.993290",
      "max_elevation_time_local": "2026-01-10T17:58:08.993290",
      "end_time_local": "2026-01-10T17:58:38.993290",
      "max_elevation": 68.5,
      "min_distance_km": 479.0,
      "duration_seconds": 30.0,
      "duration_minutes": 0.5
    },
    {
      "satellite": "STARLINK-36211",
      "start_time_utc": "2026-01-10T15:58:08.993290Z",
      "start_time_local": "2026-01-10T17:58:08.993290",
      "max_elevation_time_local": "2026-01-10T17:58:08.993290",
      "end_time_local": "2026-01-10T17:58:38.993290",
      "max_elevation": 57.7,
      "min_distance_km": 493.0,
      "duration_seconds": 30.0,
      "duration_minutes": 0.5
    },
    {
      "satellite": "STARLINK-35913",
      "start_time_utc": "2026-01-10T15:58:38.993290Z",
      "start_time_local": "2026-01-10T17:58:38.993290",
      "max_elevation_time_local": "2026-01-10T17:58:38.993290",
      "end_time_local": "2026-01-10T17:59:08.993290",
      "max_elevation": 65.6,
      "min_distance_km": 457.0,
      "duration_seconds": 30.0,
      "duration_minutes": 0.5
    },
    {
      "satellite": "STARLINK-36123",
      "start_time_utc": "2026-01-10T15:59:08.993290Z",
      "start_time_local": "2026-01-10T17:59:08.993290",
      "max_elevation_time_local": "2026-01-10T17:59:08.993290",
      "end_time_local": "2026-01-10T17:59:38.993290",
      "max_elevation": 75.7,
      "min_distance_km": 430.0,
      "duration_seconds": 30.0,
      "duration_minutes": 0.5
    },
    {
      "satellite": "STARLINK-36167",
      "start_time_utc": "2026-01-10T15:59:08.993290Z",
      "start_time_local": "2026-01-10T17:59:08.993290",
      "max_elevation_time_local": "2026-01-10T17:59:08.993290",
      "end_time_local": "2026-01-10T17:59:38.993290",
      "max_elevation": 76.9,
      "min_distance_km": 427.0,
      "duration_seconds": 30.0,
      "duration_minutes": 0.5
    },
    {
      "satellite": "STARLINK-36216",
      "start_time_utc": "2026-01-10T15:59:38.993290Z",
      "start_time_local": "2026-01-10T17:59:38.993290",
      "max_elevation_time_local": "2026-01-10T17:59:38.993290",
      "end_time_local": "2026-01-10T18:00:08.993290",
      "max_elevation": 60.2,
      "min_distance_km": 480.0,
      "duration_seconds": 30.0,
      "duration_minutes": 0.5
    },
    {
      "satellite": "STARLINK-36221",
      "start_time_utc": "2026-01-10T16:00:38.993290Z",
      "start_time_local": "2026-01-10T18:00:38.993290",
      "max_elevation_time_local": "2026-01-10T18:00:38.993290",
      "end_time_local": "2026-01-10T18:01:08.993290",
      "max_elevation": 64.4,
      "min_distance_km": 462.0,
      "duration_seconds": 30.0,
      "duration_minutes": 0.5
    },
    {
      "satellite": "STARLINK-36203",
      "start_time_utc": "2026-01-10T16:01:08.993290Z",
      "start_time_local": "2026-01-10T18:01:08.993290",
      "max_elevation_time_local": "2026-01-10T18:01:08.993290",
      "end_time_local": "2026-01-10T18:01:38.993290",
      "max_elevation": 63.6,
      "min_distance_km": 465.0,
      "duration_seconds": 30.0,
      "duration_minutes": 0.5
    },
    {
      "satellite": "STARLINK-36199",
      "start_time_utc": "2026-01-10T16:01:38.993290Z",
      "start_time_local": "2026-01-10T18:01:38.993290",
      "max_elevation_time_local": "2026-01-10T18:01:38.993290",
      "end_time_local": "2026-01-10T18:02:08.993290",
      "max_elevation": 62.6,
      "min_distance_km": 469.0,
      "duration_seconds": 30.0,
      "duration_minutes": 0.5
    },
    {
      "satellite": "STARLINK-36213",
      "start_time_utc": "2026-01-10T16:02:08.993290Z",
      "start_time_local": "2026-01-10T18:02:08.993290",
      "max_elevation_time_local": "2026-01-10T18:02:08.993290",
      "end_time_local": "2026-01-10T18:02:38.993290",
      "max_elevation": 60.1,
      "min_distance_km": 480.0,
      "duration_seconds": 30.0,
      "duration_minutes": 0.5
    },
    {
      "satellite": "STARLINK-35660",
      "start_time_utc": "2026-01-10T16:03:38.993290Z",
      "start_time_local": "2026-01-10T18:03:38.993290",
      "max_elevation_time_local": "2026-01-10T18:03:38.993290",
      "end_time_local": "2026-01-10T18:04:08.993290",
      "max_elevation": 73.3,
      "min_distance_km": 435.0,
      "duration_seconds": 30.0,
      "duration_minutes": 0.5
    },
    {
      "satellite": "STARLINK-36148",
      "start_time_utc": "2026-01-10T16:05:08.993290Z",
      "start_time_local": "2026-01-10T18:05:08.993290",
      "max_elevation_time_local": "2026-01-10T18:05:08.993290",
      "end_time_local": "2026-01-10T18:05:38.993290",
      "max_elevation": 79.1,
      "min_distance_km": 424.0,
      "duration_seconds": 30.0,
      "duration_minutes": 0.5
    },
    {
      "satellite": "STARLINK-36056",
      "start_time_utc": "2026-01-10T16:05:08.993290Z",
      "start_time_local": "2026-01-10T18:05:08.993290",
      "max_elevation_time_local": "2026-01-10T18:05:08.993290",
      "end_time_local": "2026-01-10T18:05:38.993290",
      "max_elevation": 59.3,
      "min_distance_km": 484.0,
      "duration_seconds": 30.0,
      "duration_minutes": 0.5
    },
    {
      "satellite": "STARLINK-36225",
      "start_time_utc": "2026-01-10T16:05:08.993290Z",
      "start_time_local": "2026-01-10T18:05:08.993290",
      "max_elevation_time_local": "2026-01-10T18:05:08.993290",
      "end_time_local": "2026-01-10T18:05:38.993290",
      "max_elevation": 60.7,
      "min_distance_km": 478.0,
      "duration_seconds": 30.0,
      "duration_minutes": 0.5
    },
    {
      "satellite": "STARLINK-36185",
      "start_time_utc": "2026-01-10T16:06:38.993290Z",
      "start_time_local": "2026-01-10T18:06:38.993290",
      "max_elevation_time_local": "2026-01-10T18:06:38.993290",
      "end_time_local": "2026-01-10T18:07:08.993290",
      "max_elevation": 59.1,
      "min_distance_km": 486.0,
      "duration_seconds": 30.0,
      "duration_minutes": 0.5
    },
    {
      "satellite": "STARLINK-3083",
      "start_time_utc": "2026-01-10T16:14:08.993290Z",
      "start_time_local": "2026-01-10T18:14:08.993290",
      "max_elevation_time_local": "2026-01-10T18:14:08.993290",
      "end_time_local": "2026-01-10T18:15:08.993290",
      "max_elevation": 63.5,
      "min_distance_km": 452.0,
      "duration_seconds": 60.0,
      "duration_minutes": 1.0
    },
    {
      "satellite": "STARLINK-36118",
      "start_time_utc": "2026-01-10T16:33:38.993290Z",
      "start_time_local": "2026-01-10T18:33:38.993290",
      "max_elevation_time_local": "2026-01-10T18:33:38.993290",
      "end_time_local": "2026-01-10T18:34:08.993290",
      "max_elevation": 62.2,
      "min_distance_km": 472.0,
      "duration_seconds": 30.0,
      "duration_minutes": 0.5
    },
    {
      "satellite": "STARLINK-36178",
      "start_time_utc": "2026-01-10T16:33:38.993290Z",
      "start_time_local": "2026-01-10T18:33:38.993290",
      "max_elevation_time_local": "2026-01-10T18:33:38.993290",
      "end_time_local": "2026-01-10T18:34:08.993290",
      "max_elevation": 59.7,
      "min_distance_km": 479.0,
      "duration_seconds": 30.0,
      "duration_minutes": 0.5
    },
    {
      "satellite": "STARLINK-36175",
      "start_time_utc": "2026-01-10T16:34:08.993290Z",
      "start_time_local": "2026-01-10T18:34:08.993290",
      "max_elevation_time_local": "2026-01-10T18:34:08.993290",
      "end_time_local": "2026-01-10T18:34:38.993290",
      "max_elevation": 60.7,
      "min_distance_km": 459.0,
      "duration_seconds": 30.0,
      "duration_minutes": 0.5
    },
    {
      "satellite": "STARLINK-36171",
      "start_time_utc": "2026-01-10T16:35:08.993290Z",
      "start_time_local": "2026-01-10T18:35:08.993290",
      "max_elevation_time_local": "2026-01-10T18:35:08.993290",
      "end_time_local": "2026-01-10T18:35:38.993290",
      "max_elevation": 60.4,
      "min_distance_km": 479.0,
      "duration_seconds": 30.0,
      "duration_minutes": 0.5
    },
    {
      "satellite": "STARLINK-36190",
      "start_time_utc": "2026-01-10T16:35:38.993290Z",
      "start_time_local": "2026-01-10T18:35:38.993290",
      "max_elevation_time_local": "2026-01-10T18:35:38.993290",
      "end_time_local": "2026-01-10T18:36:08.993290",
      "max_elevation": 56.8,
      "min_distance_km": 496.0,
      "duration_seconds": 30.0,
      "duration_minutes": 0.5
    },
    {
      "satellite": "STARLINK-36176",
      "start_time_utc": "2026-01-10T16:36:08.993290Z",
      "start_time_local": "2026-01-10T18:36:08.993290",
      "max_elevation_time_local": "2026-01-10T18:36:08.993290",
      "end_time_local": "2026-01-10T18:36:38.993290",
      "max_elevation": 59.3,
      "min_distance_km": 484.0,
      "duration_seconds": 30.0,
      "duration_minutes": 0.5
    },
    {
      "satellite": "STARLINK-36172",
      "start_time_utc": "2026-01-10T16:37:38.993290Z",
      "start_time_local": "2026-01-10T18:37:38.993290",
      "max_elevation_time_local": "2026-01-10T18:37:38.993290",
      "end_time_local": "2026-01-10T18:38:08.993290",
      "max_elevation": 57.8,
      "min_distance_km": 488.0,
      "duration_seconds": 30.0,
      "duration_minutes": 0.5
    },
    {
      "satellite": "STARLINK-36192",
      "start_time_utc": "2026-01-10T16:38:08.993290Z",
      "start_time_local": "2026-01-10T18:38:08.993290",
      "max_elevation_time_local": "2026-01-10T18:38:08.993290",
      "end_time_local": "2026-01-10T18:38:38.993290",
      "max_elevation": 57.1,
      "min_distance_km": 496.0,
      "duration_seconds": 30.0,
      "duration_minutes": 0.5
    },
    {
      "satellite": "STARLINK-36209",
      "start_time_utc": "2026-01-10T16:38:38.993290Z",
      "start_time_local": "2026-01-10T18:38:38.993290",
      "max_elevation_time_local": "2026-01-10T18:38:38.993290",
      "end_time_local": "2026-01-10T18:39:08.993290",
      "max_elevation": 56.3,
      "min_distance_km": 496.0,
      "duration_seconds": 30.0,
      "duration_minutes": 0.5
    },
    {
      "satellite": "STARLINK-4349",
      "start_time_utc": "2026-01-10T17:11:38.993290Z",
      "start_time_local": "2026-01-10T19:11:38.993290",
      "max_elevation_time_local": "2026-01-10T19:11:38.993290",
      "end_time_local": "2026-01-10T19:12:08.993290",
      "max_elevation": 69.3,
      "min_distance_km": 463.0,
      "duration_seconds": 30.0,
      "duration_minutes": 0.5
    },
    {
      "satellite": "STARLINK-34003",
      "start_time_utc": "2026-01-10T17:46:08.993290Z",
      "start_time_local": "2026-01-10T19:46:08.993290",
      "max_elevation_time_local": "2026-01-10T19:46:08.993290",
      "end_time_local": "2026-01-10T19:46:38.993290",
      "max_elevation": 65.1,
      "min_distance_km": 491.0,
      "duration_seconds": 30.0,
      "duration_minutes": 0.5
    },
    {
      "satellite": "STARLINK-5619",
      "start_time_utc": "2026-01-10T19:32:08.993290Z",
      "start_time_local": "2026-01-10T21:32:08.993290",
      "max_elevation_time_local": "2026-01-10T21:32:38.993290",
      "end_time_local": "2026-01-10T21:33:08.993290",
      "max_elevation": 62.3,
      "min_distance_km": 423.0,
      "duration_seconds": 60.0,
      "duration_minutes": 1.0
    },
    {
      "satellite": "STARLINK-4404",
      "start_time_utc": "2026-01-10T19:39:38.993290Z",
      "start_time_local": "2026-01-10T21:39:38.993290",
      "max_elevation_time_local": "2026-01-10T21:39:38.993290",
      "end_time_local": "2026-01-10T21:40:08.993290",
      "max_elevation": 54.4,
      "min_distance_km": 419.0,
      "duration_seconds": 30.0,
      "duration_minutes": 0.5
    },
    {
      "satellite": "STARLINK-4407",
      "start_time_utc": "2026-01-10T19:39:38.993290Z",
      "start_time_local": "2026-01-10T21:39:38.993290",
      "max_elevation_time_local": "2026-01-10T21:40:08.993290",
      "end_time_local": "2026-01-10T21:40:38.993290",
      "max_elevation": 45.5,
      "min_distance_km": 477.0,
      "duration_seconds": 60.0,
      "duration_minutes": 1.0
    },
    {
      "satellite": "STARLINK-4404",
      "start_time_utc": "2026-01-10T20:25:08.993290Z",
      "start_time_local": "2026-01-10T22:25:08.993290",
      "max_elevation_time_local": "2026-01-10T22:25:08.993290",
      "end_time_local": "2026-01-10T22:25:38.993290",
      "max_elevation": 46.1,
      "min_distance_km": 472.0,
      "duration_seconds": 30.0,
      "duration_minutes": 0.5
    },
    {
      "satellite": "STARLINK-4407",
      "start_time_utc": "2026-01-10T20:25:08.993290Z",
      "start_time_local": "2026-01-10T22:25:08.993290",
      "max_elevation_time_local": "2026-01-10T22:25:08.993290",
      "end_time_local": "2026-01-10T22:25:38.993290",
      "max_elevation": 45.2,
      "min_distance_km": 479.0,
      "duration_seconds": 30.0,
      "duration_minutes": 0.5
    },
    {
      "satellite": "STARLINK-4463",
      "start_time_utc": "2026-01-10T20:58:08.993290Z",
      "start_time_local": "2026-01-10T22:58:08.993290",
      "max_elevation_time_local": "2026-01-10T22:58:08.993290",
      "end_time_local": "2026-01-10T22:58:38.993290",
      "max_elevation": 88.4,
      "min_distance_km": 367.0,
      "duration_seconds": 30.0,
      "duration_minutes": 0.5
    },
    {
      "satellite": "STARLINK-36239",
      "start_time_utc": "2026-01-10T21:23:38.993290Z",
      "start_time_local": "2026-01-10T23:23:38.993290",
      "max_elevation_time_local": "2026-01-10T23:23:38.993290",
      "end_time_local": "2026-01-10T23:24:08.993290",
      "max_elevation": 68.2,
      "min_distance_km": 480.0,
      "duration_seconds": 30.0,
      "duration_minutes": 0.5
    },
    {
      "satellite": "STARLINK-36211",
      "start_time_utc": "2026-01-10T21:27:38.993290Z",
      "start_time_local": "2026-01-10T23:27:38.993290",
      "max_elevation_time_local": "2026-01-10T23:27:38.993290",
      "end_time_local": "2026-01-10T23:28:08.993290",
      "max_elevation": 72.3,
      "min_distance_km": 437.0,
      "duration_seconds": 30.0,
      "duration_minutes": 0.5
    },
    {
      "satellite": "STARLINK-36216",
      "start_time_utc": "2026-01-10T21:29:08.993290Z",
      "start_time_local": "2026-01-10T23:29:08.993290",
      "max_elevation_time_local": "2026-01-10T23:29:08.993290",
      "end_time_local": "2026-01-10T23:29:38.993290",
      "max_elevation": 72.9,
      "min_distance_km": 436.0,
      "duration_seconds": 30.0,
      "duration_minutes": 0.5
    },
    {
      "satellite": "STARLINK-36270",
      "start_time_utc": "2026-01-10T21:29:38.993290Z",
      "start_time_local": "2026-01-10T23:29:38.993290",
      "max_elevation_time_local": "2026-01-10T23:29:38.993290",
      "end_time_local": "2026-01-10T23:30:08.993290",
      "max_elevation": 72.2,
      "min_distance_km": 468.0,
      "duration_seconds": 30.0,
      "duration_minutes": 0.5
    },
    {
      "satellite": "STARLINK-36221",
      "start_time_utc": "2026-01-10T21:29:38.993290Z",
      "start_time_local": "2026-01-10T23:29:38.993290",
      "max_elevation_time_local": "2026-01-10T23:30:08.993290",
      "end_time_local": "2026-01-10T23:30:38.993290",
      "max_elevation": 63.1,
      "min_distance_km": 467.0,
      "duration_seconds": 60.0,
      "duration_minutes": 1.0
    },
    {
      "satellite": "STARLINK-36212",
      "start_time_utc": "2026-01-10T21:29:38.993290Z",
      "start_time_local": "2026-01-10T23:29:38.993290",
      "max_elevation_time_local": "2026-01-10T23:29:38.993290",
      "end_time_local": "2026-01-10T23:30:08.993290",
      "max_elevation": 73.9,
      "min_distance_km": 433.0,
      "duration_seconds": 30.0,
      "duration_minutes": 0.5
    },
    {
      "satellite": "STARLINK-36203",
      "start_time_utc": "2026-01-10T21:30:08.993290Z",
      "start_time_local": "2026-01-10T23:30:08.993290",
      "max_elevation_time_local": "2026-01-10T23:30:08.993290",
      "end_time_local": "2026-01-10T23:31:08.993290",
      "max_elevation": 61.3,
      "min_distance_km": 475.0,
      "duration_seconds": 60.0,
      "duration_minutes": 1.0
    },
    {
      "satellite": "STARLINK-36199",
      "start_time_utc": "2026-01-10T21:30:38.993290Z",
      "start_time_local": "2026-01-10T23:30:38.993290",
      "max_elevation_time_local": "2026-01-10T23:30:38.993290",
      "end_time_local": "2026-01-10T23:31:38.993290",
      "max_elevation": 63.8,
      "min_distance_km": 464.0,
      "duration_seconds": 60.0,
      "duration_minutes": 1.0
    },
    {
      "satellite": "STARLINK-36213",
      "start_time_utc": "2026-01-10T21:31:08.993290Z",
      "start_time_local": "2026-01-10T23:31:08.993290",
      "max_elevation_time_local": "2026-01-10T23:31:08.993290",
      "end_time_local": "2026-01-10T23:31:38.993290",
      "max_elevation": 68.3,
      "min_distance_km": 448.0,
      "duration_seconds": 30.0,
      "duration_minutes": 0.5
    },
    {
      "satellite": "STARLINK-36280",
      "start_time_utc": "2026-01-10T21:31:38.993290Z",
      "start_time_local": "2026-01-10T23:31:38.993290",
      "max_elevation_time_local": "2026-01-10T23:31:38.993290",
      "end_time_local": "2026-01-10T23:32:08.993290",
      "max_elevation": 76.3,
      "min_distance_km": 428.0,
      "duration_seconds": 30.0,
      "duration_minutes": 0.5
    },
    {
      "satellite": "STARLINK-36225",
      "start_time_utc": "2026-01-10T21:34:08.993290Z",
      "start_time_local": "2026-01-10T23:34:08.993290",
      "max_elevation_time_local": "2026-01-10T23:34:38.993290",
      "end_time_local": "2026-01-10T23:35:08.993290",
      "max_elevation": 64.3,
      "min_distance_km": 462.0,
      "duration_seconds": 60.0,
      "duration_minutes": 1.0
    },
    {
      "satellite": "STARLINK-36197",
      "start_time_utc": "2026-01-10T21:34:38.993290Z",
      "start_time_local": "2026-01-10T23:34:38.993290",
      "max_elevation_time_local": "2026-01-10T23:34:38.993290",
      "end_time_local": "2026-01-10T23:35:08.993290",
      "max_elevation": 78.5,
      "min_distance_km": 425.0,
      "duration_seconds": 30.0,
      "duration_minutes": 0.5
    },
    {
      "satellite": "STARLINK-36056",
      "start_time_utc": "2026-01-10T21:34:38.993290Z",
      "start_time_local": "2026-01-10T23:34:38.993290",
      "max_elevation_time_local": "2026-01-10T23:34:38.993290",
      "end_time_local": "2026-01-10T23:35:08.993290",
      "max_elevation": 72.0,
      "min_distance_km": 438.0,
      "duration_seconds": 30.0,
      "duration_minutes": 0.5
    },
    {
      "satellite": "STARLINK-36182",
      "start_time_utc": "2026-01-10T21:36:08.993290Z",
      "start_time_local": "2026-01-10T23:36:08.993290",
      "max_elevation_time_local": "2026-01-10T23:36:08.993290",
      "end_time_local": "2026-01-10T23:36:38.993290",
      "max_elevation": 78.4,
      "min_distance_km": 455.0,
      "duration_seconds": 30.0,
      "duration_minutes": 0.5
    },
    {
      "satellite": "STARLINK-36185",
      "start_time_utc": "2026-01-10T21:36:08.993290Z",
      "start_time_local": "2026-01-10T23:36:08.993290",
      "max_elevation_time_local": "2026-01-10T23:36:08.993290",
      "end_time_local": "2026-01-10T23:36:38.993290",
      "max_elevation": 69.6,
      "min_distance_km": 444.0,
      "duration_seconds": 30.0,
      "duration_minutes": 0.5
    },
    {
      "satellite": "STARLINK-36224",
      "start_time_utc": "2026-01-10T21:37:38.993290Z",
      "start_time_local": "2026-01-10T23:37:38.993290",
      "max_elevation_time_local": "2026-01-10T23:37:38.993290",
      "end_time_local": "2026-01-10T23:38:08.993290",
      "max_elevation": 70.6,
      "min_distance_km": 442.0,
      "duration_seconds": 30.0,
      "duration_minutes": 0.5
    },
    {
      "satellite": "STARLINK-36283",
      "start_time_utc": "2026-01-10T21:38:08.993290Z",
      "start_time_local": "2026-01-10T23:38:08.993290",
      "max_elevation_time_local": "2026-01-10T23:38:08.993290",
      "end_time_local": "2026-01-10T23:38:38.993290",
      "max_elevation": 83.8,
      "min_distance_km": 419.0,
      "duration_seconds": 30.0,
      "duration_minutes": 0.5
    },
    {
      "satellite": "STARLINK-36267",
      "start_time_utc": "2026-01-10T21:38:08.993290Z",
      "start_time_local": "2026-01-10T23:38:08.993290",
      "max_elevation_time_local": "2026-01-10T23:38:08.993290",
      "end_time_local": "2026-01-10T23:38:38.993290",
      "max_elevation": 70.6,
      "min_distance_km": 443.0,
      "duration_seconds": 30.0,
      "duration_minutes": 0.5
    },
    {
      "satellite": "STARLINK-36268",
      "start_time_utc": "2026-01-10T21:38:08.993290Z",
      "start_time_local": "2026-01-10T23:38:08.993290",
      "max_elevation_time_local": "2026-01-10T23:38:08.993290",
      "end_time_local": "2026-01-10T23:38:38.993290",
      "max_elevation": 80.4,
      "min_distance_km": 422.0,
      "duration_seconds": 30.0,
      "duration_minutes": 0.5
    },
    {
      "satellite": "STARLINK-36173",
      "start_time_utc": "2026-01-10T21:39:38.993290Z",
      "start_time_local": "2026-01-10T23:39:38.993290",
      "max_elevation_time_local": "2026-01-10T23:39:38.993290",
      "end_time_local": "2026-01-10T23:40:08.993290",
      "max_elevation": 83.1,
      "min_distance_km": 425.0,
      "duration_seconds": 30.0,
      "duration_minutes": 0.5
    },
    {
      "satellite": "STARLINK-36291",
      "start_time_utc": "2026-01-10T21:40:08.993290Z",
      "start_time_local": "2026-01-10T23:40:08.993290",
      "max_elevation_time_local": "2026-01-10T23:40:08.993290",
      "end_time_local": "2026-01-10T23:40:38.993290",
      "max_elevation": 81.4,
      "min_distance_km": 421.0,
      "duration_seconds": 30.0,
      "duration_minutes": 0.5
    },
    {
      "satellite": "STARLINK-36279",
      "start_time_utc": "2026-01-10T21:40:38.993290Z",
      "start_time_local": "2026-01-10T23:40:38.993290",
      "max_elevation_time_local": "2026-01-10T23:40:38.993290",
      "end_time_local": "2026-01-10T23:41:08.993290",
      "max_elevation": 75.7,
      "min_distance_km": 430.0,
      "duration_seconds": 30.0,
      "duration_minutes": 0.5
    },
    {
      "satellite": "STARLINK-36226",
      "start_time_utc": "2026-01-10T21:48:08.993290Z",
      "start_time_local": "2026-01-10T23:48:08.993290",
      "max_elevation_time_local": "2026-01-10T23:48:08.993290",
      "end_time_local": "2026-01-10T23:48:38.993290",
      "max_elevation": 68.5,
      "min_distance_km": 477.0,
      "duration_seconds": 30.0,
      "duration_minutes": 0.5
    },
    {
      "satellite": "STARLINK-36263",
      "start_time_utc": "2026-01-10T21:51:08.993290Z",
      "start_time_local": "2026-01-10T23:51:08.993290",
      "max_elevation_time_local": "2026-01-10T23:51:08.993290",
      "end_time_local": "2026-01-10T23:51:38.993290",
      "max_elevation": 67.8,
      "min_distance_km": 477.0,
      "duration_seconds": 30.0,
      "duration_minutes": 0.5
    },
    {
      "satellite": "STARLINK-4469",
      "start_time_utc": "2026-01-10T21:52:08.993290Z",
      "start_time_local": "2026-01-10T23:52:08.993290",
      "max_elevation_time_local": "2026-01-10T23:52:08.993290",
      "end_time_local": "2026-01-10T23:52:38.993290",
      "max_elevation": 80.0,
      "min_distance_km": 345.0,
      "duration_seconds": 30.0,
      "duration_minutes": 0.5
    },
    {
      "satellite": "STARLINK-36284",
      "start_time_utc": "2026-01-10T21:58:08.993290Z",
      "start_time_local": "2026-01-10T23:58:08.993290",
      "max_elevation_time_local": "2026-01-10T23:58:08.993290",
      "end_time_local": "2026-01-10T23:58:38.993290",
      "max_elevation": 63.2,
      "min_distance_km": 499.0,
      "duration_seconds": 30.0,
      "duration_minutes": 0.5
    },
    {
      "satellite": "STARLINK-36265",
      "start_time_utc": "2026-01-10T22:01:08.993290Z",
      "start_time_local": "2026-01-11T00:01:08.993290",
      "max_elevation_time_local": "2026-01-11T00:01:08.993290",
      "end_time_local": "2026-01-11T00:01:38.993290",
      "max_elevation": 65.2,
      "min_distance_km": 490.0,
      "duration_seconds": 30.0,
      "duration_minutes": 0.5
    },
    {
      "satellite": "STARLINK-36262",
      "start_time_utc": "2026-01-10T22:04:08.993290Z",
      "start_time_local": "2026-01-11T00:04:08.993290",
      "max_elevation_time_local": "2026-01-11T00:04:08.993290",
      "end_time_local": "2026-01-11T00:04:38.993290",
      "max_elevation": 66.1,
      "min_distance_km": 487.0,
      "duration_seconds": 30.0,
      "duration_minutes": 0.5
    },
    {
      "satellite": "STARLINK-3083",
      "start_time_utc": "2026-01-10T22:29:38.993290Z",
      "start_time_local": "2026-01-11T00:29:38.993290",
      "max_elevation_time_local": "2026-01-11T00:29:38.993290",
      "end_time_local": "2026-01-11T00:30:08.993290",
      "max_elevation": 68.7,
      "min_distance_km": 434.0,
      "duration_seconds": 30.0,
      "duration_minutes": 0.5
    },
    {
      "satellite": "STARLINK-4361",
      "start_time_utc": "2026-01-10T23:50:38.993290Z",
      "start_time_local": "2026-01-11T01:50:38.993290",
      "max_elevation_time_local": "2026-01-11T01:50:38.993290",
      "end_time_local": "2026-01-11T01:51:38.993290",
      "max_elevation": 50.7,
      "min_distance_km": 440.0,
      "duration_seconds": 60.0,
      "duration_minutes": 1.0
    }
  ]
}